–ú–µ—Ç—Ä–∏–∫–∞,–¢–µ–∫—É—â–µ–µ –∑–Ω–∞—á–µ–Ω–∏–µ,–ù–æ—Ä–º–∞/–ë–µ–Ω—á–º–∞—Ä–∫,–°—Ç–∞—Ç—É—Å,–ò–∑–º–µ–Ω–µ–Ω–∏–µ –∑–∞ 90 –¥–Ω–µ–π,–ü—Ä–æ–≥–Ω–æ–∑ —á–µ—Ä–µ–∑ 30 –¥–Ω–µ–π,–ü—Ä–æ–≥–Ω–æ–∑ —á–µ—Ä–µ–∑ 60 –¥–Ω–µ–π,–ü—Ä–æ–≥–Ω–æ–∑ —á–µ—Ä–µ–∑ 90 –¥–Ω–µ–π
–ü–æ–¥–ø–∏—Å—á–∏–∫–∏,3755,–Ω/–¥,‚úÖ –†–æ—Å—Ç,+703 (+23.3%),5000,7500,12000
Health Score,68/100,70-89,üü° Good,+8 –±–∞–ª–ª–æ–≤,72/100,78/100,85/100
Engagement Rate (ER),1.3%,2-3%,üü° –ù–∏–∂–µ –Ω–æ—Ä–º—ã,+0.3%,2.0%,3.0%,5.0%
–í–∏—Ä–∞–ª—å–Ω–æ—Å—Ç—å,43.2%,>30%,‚úÖ –û—Ç–ª–∏—á–Ω–æ,+12.5%,45%,48%,52%
Churn Rate,7.2%,<5%,üü° –ü—Ä–∏–µ–º–ª–µ–º–æ,-2.1%,5.5%,4.2%,3.0%
Mobile Usage,92.5%,>80%,‚úÖ –û—Ç–ª–∏—á–Ω–æ,+1.8%,93%,93.5%,94%
–°—Ä–µ–¥–Ω–∏–π –æ—Ö–≤–∞—Ç,7000,–Ω/–¥,üü° –ù–æ—Ä–º–∞,+2100,12000,20000,35000
–ö–æ–º–º–µ–Ω—Ç–∞—Ä–∏–µ–≤/–ø–æ—Å—Ç,25.8,>15,‚úÖ –•–æ—Ä–æ—à–æ,+8.3,32,42,55
–õ–∞–π–∫–æ–≤/–ø–æ—Å—Ç,48.2,>30,‚úÖ –•–æ—Ä–æ—à–æ,+15.7,65,85,110
–†–µ–ø–æ—Å—Ç–æ–≤/–ø–æ—Å—Ç,8.4,>5,‚úÖ –•–æ—Ä–æ—à–æ,+3.1,12,18,25
–°–æ—Ö—Ä–∞–Ω–µ–Ω–∏–π/–ø–æ—Å—Ç,2.1,>1,‚úÖ –•–æ—Ä–æ—à–æ,+0.8,4,7,12
–ü—É–±–ª–∏–∫–∞—Ü–∏–π/–º–µ—Å—è—Ü,24,>20,‚úÖ –ù–æ—Ä–º–∞,+6,30,35,40
–ö–ª–∏–ø–æ–≤/–º–µ—Å—è—Ü,~15,60-90,üî¥ –ö—Ä–∏—Ç–∏—á–Ω–æ –Ω–∏–∑–∫–æ,+5,30,60,90
–í–∏–¥–µ–æ/–º–µ—Å—è—Ü,42,30-50,‚úÖ –ù–æ—Ä–º–∞,+12,45,50,55
–ü–æ—Å—Ç–æ–≤/–º–µ—Å—è—Ü,195,150-200,‚úÖ –ù–æ—Ä–º–∞,+38,210,240,280

–ê–ù–ê–õ–ò–ó –ê–£–î–ò–¢–û–†–ò–ò
–ü–∞—Ä–∞–º–µ—Ç—Ä,–ó–Ω–∞—á–µ–Ω–∏–µ,–ü—Ä–æ—Ü–µ–Ω—Ç,–ë–µ–Ω—á–º–∞—Ä–∫,–û—Ü–µ–Ω–∫–∞
–ñ–µ–Ω—â–∏–Ω—ã,3318,88.4%,60-70%,‚úÖ –í—ã—Å–æ–∫–∞—è –∫–æ–Ω—Ü–µ–Ω—Ç—Ä–∞—Ü–∏—è
–ú—É–∂—á–∏–Ω—ã,437,11.6%,30-40%,‚ö†Ô∏è –ù–∏–∑–∫–∞—è –¥–æ–ª—è
–í–æ–∑—Ä–∞—Å—Ç 18-24,188,5.0%,10-15%,üü° –ù–∏–∂–µ –Ω–æ—Ä–º—ã
–í–æ–∑—Ä–∞—Å—Ç 25-34,600,16.0%,25-30%,üü° –ù–∏–∂–µ –Ω–æ—Ä–º—ã
–í–æ–∑—Ä–∞—Å—Ç 35-44,1503,40.0%,30-35%,‚úÖ –Ø–¥—Ä–æ –∞—É–¥–∏—Ç–æ—Ä–∏–∏
–í–æ–∑—Ä–∞—Å—Ç 45-54,1428,38.0%,20-25%,‚úÖ –Ø–¥—Ä–æ –∞—É–¥–∏—Ç–æ—Ä–∏–∏
–í–æ–∑—Ä–∞—Å—Ç 55+,38,1.0%,5-10%,üü° –ù–∏–∑–∫–∞—è –¥–æ–ª—è
–ú–æ—Å–∫–≤–∞,1315,35.0%,20-30%,‚úÖ –í—ã—Å–æ–∫–∞—è –∫–æ–Ω—Ü–µ–Ω—Ç—Ä–∞—Ü–∏—è
–°–∞–Ω–∫—Ç-–ü–µ—Ç–µ—Ä–±—É—Ä–≥,639,17.0%,10-15%,‚úÖ –í—ã—Å–æ–∫–∞—è –∫–æ–Ω—Ü–µ–Ω—Ç—Ä–∞—Ü–∏—è
–î—Ä—É–≥–∏–µ –≥–æ—Ä–æ–¥–∞,1801,48.0%,50-60%,üü¢ –ù–æ—Ä–º–∞
–ú–æ–±–∏–ª—å–Ω—ã–µ —É—Å—Ç—Ä–æ–π—Å—Ç–≤–∞,3474,92.5%,>80%,‚úÖ Mobile-first
–î–µ—Å–∫—Ç–æ–ø,281,7.5%,<20%,‚úÖ –ù–æ—Ä–º–∞

–ö–û–ù–¢–ï–ù–¢-–ê–ù–ê–õ–ò–ó
–¢–∏–ø –∫–æ–Ω—Ç–µ–Ω—Ç–∞,–ö–æ–ª–∏—á–µ—Å—Ç–≤–æ,–ü—Ä–æ—Ü–µ–Ω—Ç,–°—Ä–µ–¥–Ω–∏–π ER,–°—Ä–µ–¥–Ω–∏–π –æ—Ö–≤–∞—Ç,–°—Ä–µ–¥–Ω–∏–µ –∫–æ–º–º–µ–Ω—Ç–∞—Ä–∏–∏,–†–µ–∫–æ–º–µ–Ω–¥–∞—Ü–∏—è
–ü–æ—Å—Ç—ã (—Ç–µ–∫—Å—Ç),195,80.9%,12.9%,682,26,‚úÖ –ü—Ä–æ–¥–æ–ª–∂–∞—Ç—å
–í–∏–¥–µ–æ,42,17.2%,5.8%,1850,12,üü° –û–ø—Ç–∏–º–∏–∑–∏—Ä–æ–≤–∞—Ç—å
–ö–ª–∏–ø—ã,~15,1.9%,–Ω/–¥,–Ω/–¥,–Ω/–¥,üî¥ –£–í–ï–õ–ò–ß–ò–¢–¨ –í 10 –†–ê–ó!
–í—Å–µ–≥–æ –ø—É–±–ª–∏–∫–∞—Ü–∏–π,252,100%,–Ω/–¥,–Ω/–¥,–Ω/–¥,–Ω/–¥

–î–ª–∏–Ω–∞ —Ç–µ–∫—Å—Ç–∞,–ö–æ–ª–∏—á–µ—Å—Ç–≤–æ,–°—Ä–µ–¥–Ω–∏–π ER,–†–µ–∫–æ–º–µ–Ω–¥–∞—Ü–∏—è
–ö–æ—Ä–æ—Ç–∫–∏–µ (<500 —Å–∏–º–≤–æ–ª–æ–≤),23,7.19%,‚ùå –ò–∑–±–µ–≥–∞—Ç—å
–°—Ä–µ–¥–Ω–∏–µ (500-1000),45,10.24%,üü° –ü—Ä–∏–µ–º–ª–µ–º–æ
–î–ª–∏–Ω–Ω—ã–µ (1000-1700),98,15.65%,‚úÖ –û–ü–¢–ò–ú–ê–õ–¨–ù–û
–û—á–µ–Ω—å –¥–ª–∏–Ω–Ω—ã–µ (>1700),29,11.43%,üü° –ù–µ –∑–ª–æ—É–ø–æ—Ç—Ä–µ–±–ª—è—Ç—å

–í—Ä–µ–º–µ–Ω–Ω—ã–µ –ø–∞—Ç—Ç–µ—Ä–Ω—ã,–ö–æ–ª–∏—á–µ—Å—Ç–≤–æ –ø–æ—Å—Ç–æ–≤,–°—Ä–µ–¥–Ω–∏–π ER,–õ—É—á—à–µ–µ –≤—Ä–µ–º—è
–ü–æ–Ω–µ–¥–µ–ª—å–Ω–∏–∫,34,9.8%,18:00-19:00
–í—Ç–æ—Ä–Ω–∏–∫,38,34.2%,‚≠ê 18:00-19:00 (–õ–£–ß–®–ò–ô!)
–°—Ä–µ–¥–∞,32,11.5%,19:00-20:00
–ß–µ—Ç–≤–µ—Ä–≥,41,12.3%,18:00-19:00
–ü—è—Ç–Ω–∏—Ü–∞,39,13.2%,13:00-14:00
–°—É–±–±–æ—Ç–∞,35,15.1%,12:00-13:00
–í–æ—Å–∫—Ä–µ—Å–µ–Ω—å–µ,33,8.9%,11:00-12:00

–¢–û–ü-–ü–ê–¢–¢–ï–†–ù–´ –£–°–ü–ï–•–ê
–ü–∞—Ç—Ç–µ—Ä–Ω,–ò—Å–ø–æ–ª—å–∑–æ–≤–∞–Ω–∏–µ,–≠—Ñ—Ñ–µ–∫—Ç –Ω–∞ ER,–ü—Ä–∏–æ—Ä–∏—Ç–µ—Ç,–î–µ–π—Å—Ç–≤–∏–µ
–í—Ä–µ–º–µ–Ω–Ω—ã–µ –ø—Ä–∏–≤—è–∑–∫–∏ (–í—á–µ—Ä–∞/–°–µ–≥–æ–¥–Ω—è),26.3%,+21.31%,üî¥ –í–´–°–û–ö–ò–ô,–ò—Å–ø–æ–ª—å–∑–æ–≤–∞—Ç—å –≤ 80% –ø–æ—Å—Ç–æ–≤
–ü—Ä–∏–∑—ã–≤—ã –∫ –¥–µ–π—Å—Ç–≤–∏—é (CTA),63.2%,+9.66%,üî¥ –í–´–°–û–ö–ò–ô,–í –ö–ê–ñ–î–û–ú –ø–æ—Å—Ç–µ
–¶–∏—Ç–∞—Ç—ã –∏ –¥–∏–∞–ª–æ–≥–∏,84.2%,+6.78%,üü° –°–†–ï–î–ù–ò–ô,–ü—Ä–æ–¥–æ–ª–∂–∞—Ç—å
–°–ø–∏—Å–∫–∏ –∏ —Å—Ç—Ä—É–∫—Ç—É—Ä–∞,78.9%,+5.04%,üü° –°–†–ï–î–ù–ò–ô,–í –∫–∞–∂–¥–æ–º –ø–æ—Å—Ç–µ
–î–ª–∏–Ω–Ω—ã–µ —Ç–µ–∫—Å—Ç—ã (>1000),51.6%,+117% (vs –∫–æ—Ä–æ—Ç–∫–∏–µ),üî¥ –í–´–°–û–ö–ò–ô,–ú–∏–Ω–∏–º—É–º 1000 —Å–∏–º–≤–æ–ª–æ–≤
–≠–º–æ–¥–∑–∏ –≤ —Ç–µ–∫—Å—Ç–µ,42.1%,-11.71%,‚ùå –ò–ó–ë–ï–ì–ê–¢–¨,–ú–∞–∫—Å–∏–º—É–º 1-2
–í–∏–∑—É–∞–ª,31.6%,-6.91%,‚ùå –û–°–¢–û–†–û–ñ–ù–û,–¢–æ–ª—å–∫–æ –ø—Ä–∏ –Ω–µ–æ–±—Ö–æ–¥–∏–º–æ—Å—Ç–∏
–í–æ–ø—Ä–æ—Å—ã –≤ –∫–æ–Ω—Ü–µ,68.4%,+4.23%,üü° –°–†–ï–î–ù–ò–ô,–ò—Å–ø–æ–ª—å–∑–æ–≤–∞—Ç—å —á–∞—â–µ

FINANCIAL PROJECTIONS
–ü–µ—Ä–∏–æ–¥,–ò–Ω–≤–µ—Å—Ç–∏—Ü–∏–∏ (‚ÇΩ),–î–æ—Ö–æ–¥—ã (‚ÇΩ),–ü—Ä–∏–±—ã–ª—å (‚ÇΩ),ROI (%),–ò—Å—Ç–æ—á–Ω–∏–∫–∏ –¥–æ—Ö–æ–¥–∞
–ú–µ—Å—è—Ü 1 (0-30 –¥–Ω–µ–π),5933,0,"-5,933",-100%,–ò–Ω—Ñ—Ä–∞—Å—Ç—Ä—É–∫—Ç—É—Ä–∞
–ú–µ—Å—è—Ü 2 (31-60 –¥–Ω–µ–π),7000,28000,21000,300%,–ü–µ—Ä–≤—ã–µ –ø–ª–∞—Ç–Ω—ã–µ –ø—Ä–æ–¥—É–∫—Ç—ã
–ú–µ—Å—è—Ü 3 (61-90 –¥–Ω–µ–π),7000,120000,113000,"1,614%",–ú–∞—Å—à—Ç–∞–±–∏—Ä–æ–≤–∞–Ω–∏–µ + –ø–∞—Ä—Ç–Ω—ë—Ä—Å—Ç–≤–∞
–ò–¢–û–ì–û (90 –¥–Ω–µ–π),19933,148000,128067,642%,–Ω/–¥

–ò—Å—Ç–æ—á–Ω–∏–∫ –¥–æ—Ö–æ–¥–∞,–ú–µ—Å—è—Ü 1,–ú–µ—Å—è—Ü 2,–ú–µ—Å—è—Ü 3,–í—Å–µ–≥–æ –∑–∞ 90 –¥–Ω–µ–π
–ü–ª–∞—Ç–Ω—ã–µ –∫—É—Ä—Å—ã/–∏–Ω—Ç–µ–Ω—Å–∏–≤—ã,0‚ÇΩ,"15,000‚ÇΩ","60,000‚ÇΩ","75,000‚ÇΩ"
–ö–æ–Ω—Å—É–ª—å—Ç–∞—Ü–∏–∏,0‚ÇΩ,"8,000‚ÇΩ","25,000‚ÇΩ","33,000‚ÇΩ"
–ü–∞—Ä—Ç–Ω—ë—Ä—Å–∫–∏–µ –ø—Ä–æ–≥—Ä–∞–º–º—ã,0‚ÇΩ,"5,000‚ÇΩ","20,000‚ÇΩ","25,000‚ÇΩ"
–†–µ–∫–ª–∞–º–Ω—ã–µ –∏–Ω—Ç–µ–≥—Ä–∞—Ü–∏–∏,0‚ÇΩ,0‚ÇΩ,"15,000‚ÇΩ","15,000‚ÇΩ"
–ò–¢–û–ì–û,0‚ÇΩ,"28,000‚ÇΩ","120,000‚ÇΩ","148,000‚ÇΩ"

–ü–†–û–ì–ù–û–ó –ö–õ–Æ–ß–ï–í–´–• –ú–ï–¢–†–ò–ö
–ú–µ—Ç—Ä–∏–∫–∞,–¢–µ–∫—É—â–µ–µ,–î–µ–Ω—å 30,–î–µ–Ω—å 60,–î–µ–Ω—å 90,–ú–µ—Ç–æ–¥ —Ä–∞—Å—á–µ—Ç–∞
–ü–æ–¥–ø–∏—Å—á–∏–∫–∏,3755,5000,7500,12000,–õ–∏–Ω–µ–π–Ω—ã–π —Ä–æ—Å—Ç —Å —É—á–µ—Ç–æ–º –∫–ª–∏–ø–æ–≤
–ö–ª–∏–ø–æ–≤/–º–µ—Å—è—Ü,15,30,60,90,–ü–æ—Å—Ç–µ–ø–µ–Ω–Ω–æ–µ —É–≤–µ–ª–∏—á–µ–Ω–∏–µ
ER (%),1.3,2.0,3.0,5.0,–û–ø—Ç–∏–º–∏–∑–∞—Ü–∏—è –∫–æ–Ω—Ç–µ–Ω—Ç–∞ + –∫–ª–∏–ø—ã
–û—Ö–≤–∞—Ç/–¥–µ–Ω—å,7000,12000,20000,35000,–†–æ—Å—Ç –∑–∞ —Å—á–µ—Ç –≤–∏—Ä–∞–ª—å–Ω–æ—Å—Ç–∏
–ö–æ–º–º–µ–Ω—Ç–∞—Ä–∏–∏/–ø–æ—Å—Ç,26,32,42,55,–£–ª—É—á—à–µ–Ω–∏–µ CTA + –≤–æ–≤–ª–µ—á–µ–Ω–∏–µ
–í–∏—Ä–∞–ª—å–Ω–æ—Å—Ç—å (%),43.2,45,48,52,–ö–æ–Ω–∫—É—Ä—Å—ã + —Ç—Ä–∏–≥–≥–µ—Ä—ã
Churn Rate (%),7.2,5.5,4.2,3.0,–£–ª—É—á—à–µ–Ω–∏–µ –∫–∞—á–µ—Å—Ç–≤–∞ –∫–æ–Ω—Ç–µ–Ω—Ç–∞